Date,Type,Link
2022-10-23 07:28:05,LIKE,https://www.linkedin.com/feed/update/urn%3Ali%3Aactivity%3A6989490873956724736
2022-10-23 07:19:44,PRAISE,https://www.linkedin.com/feed/update/urn%3Ali%3Aactivity%3A6989208627521732608
2022-10-23 07:18:58,EMPATHY,https://www.linkedin.com/feed/update/urn%3Ali%3Aactivity%3A6986612874295029761
2022-10-23 07:18:31,MAYBE,https://www.linkedin.com/feed/update/urn%3Ali%3Aactivity%3A6988196203788152832
2022-10-23 07:17:09,APPRECIATION,https://www.linkedin.com/feed/update/urn%3Ali%3Aactivity%3A6987762366478192640
2022-10-23 07:06:09,LIKE,https://www.linkedin.com/feed/update/urn%3Ali%3AugcPost%3A6989565450380546048
2022-10-23 07:04:51,LIKE,https://www.linkedin.com/feed/update/urn%3Ali%3Aactivity%3A6989782657077268480
2022-10-23 07:04:40,LIKE,https://www.linkedin.com/feed/update/urn%3Ali%3Aactivity%3A6988899375372513281
2022-10-23 07:03:58,LIKE,https://www.linkedin.com/feed/update/urn%3Ali%3Aactivity%3A6987702505883209728
2022-10-23 07:01:38,LIKE,https://www.linkedin.com/feed/update/urn%3Ali%3AugcPost%3A6987833942162776064
2022-10-15 04:08:34,LIKE,https://www.linkedin.com/feed/update/urn%3Ali%3Aactivity%3A6986233130080718849
2022-10-15 04:08:13,LIKE,https://www.linkedin.com/feed/update/urn%3Ali%3Aactivity%3A6977352098887725056
2022-10-15 04:06:38,LIKE,https://www.linkedin.com/feed/update/urn%3Ali%3Aactivity%3A6985486065755152384
2022-10-15 04:05:54,LIKE,https://www.linkedin.com/feed/update/urn%3Ali%3Aactivity%3A6986791046940618752
2022-10-15 04:04:03,LIKE,https://www.linkedin.com/feed/update/urn%3Ali%3Aactivity%3A6985055034631680000
2022-10-14 09:19:37,LIKE,https://www.linkedin.com/feed/update/urn%3Ali%3Aactivity%3A6986195137408176128
2022-10-14 09:19:02,LIKE,https://www.linkedin.com/feed/update/urn%3Ali%3Aactivity%3A6986563469890269184
2022-10-12 15:59:08,LIKE,https://www.linkedin.com/feed/update/urn%3Ali%3Aactivity%3A6984008056355319808
2022-10-12 15:58:57,APPRECIATION,https://www.linkedin.com/feed/update/urn%3Ali%3Aactivity%3A6985187480413081601
2022-10-12 15:54:59,LIKE,https://www.linkedin.com/feed/update/urn%3Ali%3Aactivity%3A6983895809478078465
2022-10-08 08:55:58,LIKE,https://www.linkedin.com/feed/update/urn%3Ali%3Aactivity%3A6983862739571998720
2022-10-05 04:43:44,LIKE,https://www.linkedin.com/feed/update/urn%3Ali%3Aactivity%3A6982214074868613120
2022-10-05 04:37:58,LIKE,https://www.linkedin.com/feed/update/urn%3Ali%3AugcPost%3A6982321254921842688
2022-10-05 04:37:05,LIKE,https://www.linkedin.com/feed/update/urn%3Ali%3Aactivity%3A6980139341641580544
2022-10-05 04:36:42,LIKE,https://www.linkedin.com/feed/update/urn%3Ali%3Aactivity%3A6979038688521375745
2022-10-05 04:35:24,LIKE,https://www.linkedin.com/feed/update/urn%3Ali%3Aactivity%3A6981181744959897600
2022-10-05 04:34:56,LIKE,https://www.linkedin.com/feed/update/urn%3Ali%3AugcPost%3A6983010127373111296
2022-09-25 11:15:53,LIKE,https://www.linkedin.com/feed/update/urn%3Ali%3Aactivity%3A6979408535105220608
2022-09-17 06:11:35,LIKE,https://www.linkedin.com/feed/update/urn%3Ali%3Aactivity%3A6973010334513053697
2022-09-17 06:10:24,LIKE,https://www.linkedin.com/feed/update/urn%3Ali%3Aactivity%3A6975556917553168384
2022-09-17 00:35:07,LIKE,https://www.linkedin.com/feed/update/urn%3Ali%3Aactivity%3A6974734137475694592
2022-09-17 00:31:50,LIKE,https://www.linkedin.com/feed/update/urn%3Ali%3Aactivity%3A6976652149892018176
2022-09-17 00:19:12,LIKE,https://www.linkedin.com/feed/update/urn%3Ali%3AugcPost%3A6976130221498335232
2022-09-17 00:16:10,LIKE,https://www.linkedin.com/feed/update/urn%3Ali%3Aactivity%3A6975178439750283265
2022-09-11 14:58:38,ENTERTAINMENT,https://www.linkedin.com/feed/update/urn%3Ali%3Aactivity%3A6973226431354945536
2022-09-11 14:57:09,APPRECIATION,https://www.linkedin.com/feed/update/urn%3Ali%3Aactivity%3A6974678118829613056
2022-09-11 08:57:26,APPRECIATION,https://www.linkedin.com/feed/update/urn%3Ali%3Aactivity%3A6974233654759686144
2022-09-11 08:56:48,LIKE,https://www.linkedin.com/feed/update/urn%3Ali%3Aactivity%3A6973288159342194688
2022-09-11 03:34:55,LIKE,https://www.linkedin.com/feed/update/urn%3Ali%3AugcPost%3A6972762037915439104
2022-09-11 03:34:47,LIKE,https://www.linkedin.com/feed/update/urn%3Ali%3Aactivity%3A6971039994442379264?commentUrn=urn%3Ali%3Acomment%3A%28activity%3A6971039994442379264%2C6971126264166326273%29
2022-09-11 03:34:32,LIKE,https://www.linkedin.com/feed/update/urn%3Ali%3Aactivity%3A6971039994442379264
2022-09-11 03:30:30,LIKE,https://www.linkedin.com/feed/update/urn%3Ali%3Aactivity%3A6974488254418993152
2022-09-10 16:54:20,LIKE,https://www.linkedin.com/feed/update/urn%3Ali%3Aactivity%3A6971694115486875648
2022-09-10 16:46:15,LIKE,https://www.linkedin.com/feed/update/urn%3Ali%3AugcPost%3A6972060578366263296
2022-09-10 16:37:14,LIKE,https://www.linkedin.com/feed/update/urn%3Ali%3Aactivity%3A6974246658524008448
2022-09-01 15:01:19,LIKE,https://www.linkedin.com/feed/update/urn%3Ali%3Aactivity%3A6970201174968868864
2022-07-23 06:22:56,LIKE,https://www.linkedin.com/feed/update/urn%3Ali%3AugcPost%3A6953658320293347328
2022-07-12 05:51:26,LIKE,https://www.linkedin.com/feed/update/urn%3Ali%3Aactivity%3A6951934160772960256
2022-07-10 06:41:38,LIKE,https://www.linkedin.com/feed/update/urn%3Ali%3Aactivity%3A6947014674093600768
2022-07-10 06:20:47,LIKE,https://www.linkedin.com/feed/update/urn%3Ali%3Aactivity%3A6948677145405579265
2022-07-01 01:28:02,APPRECIATION,https://www.linkedin.com/feed/update/urn%3Ali%3Aactivity%3A6945941507270942720
2022-03-18 01:25:08,LIKE,https://www.linkedin.com/feed/update/urn%3Ali%3Aactivity%3A6909930631049211904
2022-03-18 01:24:28,LIKE,https://www.linkedin.com/feed/update/urn%3Ali%3Aactivity%3A6905925178153414656
2022-03-18 01:24:09,LIKE,https://www.linkedin.com/feed/update/urn%3Ali%3Aactivity%3A6909931741134667776
2022-03-13 14:04:01,LIKE,https://www.linkedin.com/feed/update/urn%3Ali%3AugcPost%3A6904706736440360960
2022-03-13 14:03:53,LIKE,https://www.linkedin.com/feed/update/urn%3Ali%3Aactivity%3A6906324170708189184
2022-02-26 04:42:06,LIKE,https://www.linkedin.com/feed/update/urn%3Ali%3Aactivity%3A6902943273699147776
2022-02-26 04:41:55,LIKE,https://www.linkedin.com/feed/update/urn%3Ali%3Aactivity%3A6900153169079361536
2022-02-26 03:52:17,LIKE,https://www.linkedin.com/feed/update/urn%3Ali%3Aactivity%3A6898190383600193536
2022-02-26 03:52:03,LIKE,https://www.linkedin.com/feed/update/urn%3Ali%3Aactivity%3A6901093949587509249
2022-02-26 03:51:45,LIKE,https://www.linkedin.com/feed/update/urn%3Ali%3Aactivity%3A6901533556267380736
2022-02-26 03:51:40,LIKE,https://www.linkedin.com/feed/update/urn%3Ali%3Aactivity%3A6902748061810917376
2022-02-26 03:51:23,LIKE,https://www.linkedin.com/feed/update/urn%3Ali%3Aactivity%3A6901728094625898496
2022-02-21 02:31:46,LIKE,https://www.linkedin.com/feed/update/urn%3Ali%3Aactivity%3A6898291959618777088
2022-02-21 02:31:41,LIKE,https://www.linkedin.com/feed/update/urn%3Ali%3Aactivity%3A6877536926119845889
2022-02-21 02:28:28,LIKE,https://www.linkedin.com/feed/update/urn%3Ali%3Aactivity%3A6900693608237019137
2022-02-21 01:59:18,LIKE,https://www.linkedin.com/feed/update/urn%3Ali%3Aactivity%3A6901011604087955456
2022-02-21 01:58:39,LIKE,https://www.linkedin.com/feed/update/urn%3Ali%3Aactivity%3A6897587952369954816
2022-02-21 01:48:44,LIKE,https://www.linkedin.com/feed/update/urn%3Ali%3Aactivity%3A6900979225990451200
2022-02-20 01:47:24,LIKE,https://www.linkedin.com/feed/update/urn%3Ali%3Aactivity%3A6900287500019929088
2022-02-20 01:46:46,LIKE,https://www.linkedin.com/feed/update/urn%3Ali%3Aactivity%3A6900268629942788096
2022-02-20 01:46:23,LIKE,https://www.linkedin.com/feed/update/urn%3Ali%3Aactivity%3A6898688564897443840
2022-02-06 09:52:17,LIKE,https://www.linkedin.com/feed/update/urn%3Ali%3Aactivity%3A6890926833605443584
2022-02-06 09:50:29,LIKE,https://www.linkedin.com/feed/update/urn%3Ali%3Aactivity%3A6893494628709216257
2022-02-06 09:46:35,LIKE,https://www.linkedin.com/feed/update/urn%3Ali%3Aactivity%3A6894174000906424320
2022-02-06 09:46:25,LIKE,https://www.linkedin.com/feed/update/urn%3Ali%3Aactivity%3A6895392463041777664
2022-02-06 09:46:07,LIKE,https://www.linkedin.com/feed/update/urn%3Ali%3Aactivity%3A6892922063250952192
2022-02-06 09:45:43,LIKE,https://www.linkedin.com/feed/update/urn%3Ali%3Aactivity%3A6894898889561112576
2022-02-06 09:40:44,LIKE,https://www.linkedin.com/feed/update/urn%3Ali%3Aactivity%3A6895555540584427520?commentUrn=urn%3Ali%3Acomment%3A%28activity%3A6895555540584427520%2C6895815660891439104%29
2022-02-06 09:40:26,LIKE,https://www.linkedin.com/feed/update/urn%3Ali%3Aactivity%3A6895555540584427520
2022-02-06 09:39:12,LIKE,https://www.linkedin.com/feed/update/urn%3Ali%3Aactivity%3A6895228510818983937
2022-01-25 09:49:46,LIKE,https://www.linkedin.com/feed/update/urn%3Ali%3Aactivity%3A6881096428651851776?commentUrn=urn%3Ali%3Acomment%3A%28activity%3A6881096428651851776%2C6886373987937513472%29
2022-01-25 09:49:01,LIKE,https://www.linkedin.com/feed/update/urn%3Ali%3Aactivity%3A6881096428651851776
2021-12-30 01:33:20,LIKE,https://www.linkedin.com/feed/update/urn%3Ali%3Aactivity%3A6880701236656521216
2021-12-30 01:33:05,LIKE,https://www.linkedin.com/feed/update/urn%3Ali%3Aactivity%3A6878240406207807488
2021-12-30 01:32:42,LIKE,https://www.linkedin.com/feed/update/urn%3Ali%3Aactivity%3A6880053388101378049
2021-12-29 02:07:25,LIKE,https://www.linkedin.com/feed/update/urn%3Ali%3Aactivity%3A6876909056733327360
2021-12-29 02:05:57,LIKE,https://www.linkedin.com/feed/update/urn%3Ali%3Aactivity%3A6877258274706624512
2021-12-29 02:05:48,LIKE,https://www.linkedin.com/feed/update/urn%3Ali%3Aactivity%3A6877472635630960640
2021-12-29 02:04:18,LIKE,https://www.linkedin.com/feed/update/urn%3Ali%3Aactivity%3A6877095022538354688
2021-12-29 01:45:11,EMPATHY,https://www.linkedin.com/feed/update/urn%3Ali%3Aactivity%3A6881458101426384896
2021-09-20 10:13:21,LIKE,https://www.linkedin.com/feed/update/urn%3Ali%3Aactivity%3A6844637646539546624
2021-09-20 10:09:22,LIKE,https://www.linkedin.com/feed/update/urn%3Ali%3Aactivity%3A6841964176727003136
2021-08-15 09:49:56,LIKE,https://www.linkedin.com/feed/update/urn%3Ali%3Aactivity%3A6831528966457720832
2021-08-15 09:49:45,LIKE,https://www.linkedin.com/feed/update/urn%3Ali%3AugcPost%3A6830156448916357120
2021-08-15 09:48:37,LIKE,https://www.linkedin.com/feed/update/urn%3Ali%3Aactivity%3A6831097281802969088
2021-08-15 09:48:27,LIKE,https://www.linkedin.com/feed/update/urn%3Ali%3Aactivity%3A6831543786183757824
2021-08-15 09:46:42,LIKE,https://www.linkedin.com/feed/update/urn%3Ali%3Aactivity%3A6829284420629884928
2021-08-15 09:46:05,LIKE,https://www.linkedin.com/feed/update/urn%3Ali%3Aactivity%3A6831099383220625408
2021-07-29 14:12:00,LIKE,https://www.linkedin.com/feed/update/urn%3Ali%3Aactivity%3A6826148183945691136
2021-07-21 09:12:12,LIKE,https://www.linkedin.com/feed/update/urn%3Ali%3Aactivity%3A6821387623064576000
2021-07-11 05:26:35,LIKE,https://www.linkedin.com/feed/update/urn%3Ali%3Aactivity%3A6817761603417583616
2021-07-11 05:14:58,LIKE,https://www.linkedin.com/feed/update/urn%3Ali%3AugcPost%3A6817427033891729408
2021-07-11 05:13:36,LIKE,https://www.linkedin.com/feed/update/urn%3Ali%3Aactivity%3A6815151895636668416
2021-07-11 05:13:28,LIKE,https://www.linkedin.com/feed/update/urn%3Ali%3Aactivity%3A6817400470840070144
2021-07-11 05:12:20,LIKE,https://www.linkedin.com/feed/update/urn%3Ali%3Aactivity%3A6818410842778943489
2021-07-11 05:06:40,LIKE,https://www.linkedin.com/feed/update/urn%3Ali%3Aactivity%3A6819573556481949696
2021-07-11 05:02:55,APPRECIATION,https://www.linkedin.com/feed/update/urn%3Ali%3Aactivity%3A6818413392198438912
2021-07-03 09:41:02,LIKE,https://www.linkedin.com/feed/update/urn%3Ali%3Aactivity%3A6815932190845739008
2021-06-27 14:47:32,LIKE,https://www.linkedin.com/feed/update/urn%3Ali%3Aactivity%3A6814138409460740096
2021-06-27 14:43:52,LIKE,https://www.linkedin.com/feed/update/urn%3Ali%3Aactivity%3A6812712497905246208
2021-06-27 14:37:16,LIKE,https://www.linkedin.com/feed/update/urn%3Ali%3Aactivity%3A6813733600312246272
2021-06-27 14:36:37,APPRECIATION,https://www.linkedin.com/feed/update/urn%3Ali%3Aactivity%3A6813808891453935616
2021-06-27 14:34:02,LIKE,https://www.linkedin.com/feed/update/urn%3Ali%3Aactivity%3A6813787012169003008
2021-06-27 14:33:23,LIKE,https://www.linkedin.com/feed/update/urn%3Ali%3Aactivity%3A6813443429813493760
2021-06-26 05:21:45,LIKE,https://www.linkedin.com/feed/update/urn%3Ali%3Aactivity%3A6814393202641043456
2021-06-23 12:59:20,LIKE,https://www.linkedin.com/feed/update/urn%3Ali%3Aactivity%3A6813434153263005696
2021-06-22 10:15:43,LIKE,https://www.linkedin.com/feed/update/urn%3Ali%3Aactivity%3A6813030287786737664
2021-06-21 16:40:41,LIKE,https://www.linkedin.com/feed/update/urn%3Ali%3Aactivity%3A6812448730789285888
2021-06-21 16:38:27,LIKE,https://www.linkedin.com/feed/update/urn%3Ali%3Aactivity%3A6812277964273799168
2021-06-21 16:36:12,LIKE,https://www.linkedin.com/feed/update/urn%3Ali%3Aactivity%3A6812255250892787712
2021-06-21 16:34:45,LIKE,https://www.linkedin.com/feed/update/urn%3Ali%3Aactivity%3A6812710569813127168?commentUrn=urn%3Ali%3Acomment%3A%28activity%3A6812710569813127168%2C6812759556800733184%29
2021-06-21 16:27:03,LIKE,https://www.linkedin.com/feed/update/urn%3Ali%3Aactivity%3A6812580863948161024
2021-06-21 16:26:28,LIKE,https://www.linkedin.com/feed/update/urn%3Ali%3Aactivity%3A6812628128477782016
2021-06-21 16:23:46,LIKE,https://www.linkedin.com/feed/update/urn%3Ali%3Aactivity%3A6812688540384673792
2021-06-21 16:22:35,LIKE,https://www.linkedin.com/feed/update/urn%3Ali%3Aactivity%3A6812418053410836480
2021-06-21 16:21:14,LIKE,https://www.linkedin.com/feed/update/urn%3Ali%3Aactivity%3A6810483154806173696
2021-06-21 16:18:36,LIKE,https://www.linkedin.com/feed/update/urn%3Ali%3Aactivity%3A6812629363842969600
2021-06-21 16:17:41,LIKE,https://www.linkedin.com/feed/update/urn%3Ali%3Aactivity%3A6811957686574346240?commentUrn=urn%3Ali%3Acomment%3A%28activity%3A6811957686574346240%2C6812313231512752128%29
2021-06-21 16:17:30,LIKE,https://www.linkedin.com/feed/update/urn%3Ali%3Aactivity%3A6811957686574346240?commentUrn=urn%3Ali%3Acomment%3A%28activity%3A6811957686574346240%2C6812275655472922624%29
2021-06-21 16:16:22,LIKE,https://www.linkedin.com/feed/update/urn%3Ali%3Aactivity%3A6811957686574346240?commentUrn=urn%3Ali%3Acomment%3A%28activity%3A6811957686574346240%2C6812311846247301120%29
2021-06-21 16:15:49,LIKE,https://www.linkedin.com/feed/update/urn%3Ali%3Aactivity%3A6811957686574346240
2021-06-21 16:11:24,LIKE,https://www.linkedin.com/feed/update/urn%3Ali%3Aactivity%3A6811615576138534912?commentUrn=urn%3Ali%3Acomment%3A%28activity%3A6811615576138534912%2C6812588594860056576%29
2021-06-21 16:08:30,LIKE,https://www.linkedin.com/feed/update/urn%3Ali%3Aactivity%3A6812705247341932544
2021-06-21 09:43:02,LIKE,https://www.linkedin.com/feed/update/urn%3Ali%3Aactivity%3A6812616801730486273
2021-06-20 14:12:19,LIKE,https://www.linkedin.com/feed/update/urn%3Ali%3Aactivity%3A6810499415007219712
2021-06-20 14:11:38,LIKE,https://www.linkedin.com/feed/update/urn%3Ali%3Aactivity%3A6809219328488165376
2021-06-20 14:09:50,LIKE,https://www.linkedin.com/feed/update/urn%3Ali%3Aactivity%3A6812310800104083456
2021-06-20 14:07:47,LIKE,https://www.linkedin.com/feed/update/urn%3Ali%3Aactivity%3A6812253164104929280
2021-06-20 14:04:05,LIKE,https://www.linkedin.com/feed/update/urn%3Ali%3Aactivity%3A6812322517227728896?commentUrn=urn%3Ali%3Acomment%3A%28activity%3A6812322517227728896%2C6812335704178335744%29
2021-06-20 14:01:38,LIKE,https://www.linkedin.com/feed/update/urn%3Ali%3AugcPost%3A6812297707605110784
2021-06-20 05:56:21,LIKE,https://www.linkedin.com/feed/update/urn%3Ali%3Aactivity%3A6810438925371375616
2021-06-20 05:55:22,LIKE,https://www.linkedin.com/feed/update/urn%3Ali%3Aactivity%3A6809798652903743488
2021-06-20 05:23:44,LIKE,https://www.linkedin.com/feed/update/urn%3Ali%3Aactivity%3A6811850851909533696
2021-06-20 05:20:20,LIKE,https://www.linkedin.com/feed/update/urn%3Ali%3Aactivity%3A6811159142158344192
2021-06-20 05:17:28,LIKE,https://www.linkedin.com/feed/update/urn%3Ali%3Aactivity%3A6811666456158326784
2021-06-20 05:15:36,LIKE,https://www.linkedin.com/feed/update/urn%3Ali%3Aactivity%3A6810834737616297984
2021-06-20 05:14:16,LIKE,https://www.linkedin.com/feed/update/urn%3Ali%3Aactivity%3A6811217457311744000
2021-06-20 05:13:42,EMPATHY,https://www.linkedin.com/feed/update/urn%3Ali%3Aactivity%3A6811873629081608192
2021-06-20 05:10:26,LIKE,https://www.linkedin.com/feed/update/urn%3Ali%3Aactivity%3A6810829668749590528
2021-06-20 05:03:00,APPRECIATION,https://www.linkedin.com/feed/update/urn%3Ali%3Aactivity%3A6806144948560392193
2021-06-20 04:55:23,LIKE,https://www.linkedin.com/feed/update/urn%3Ali%3Aactivity%3A6812198071607402496
2021-06-20 04:54:59,LIKE,https://www.linkedin.com/feed/update/urn%3Ali%3Aactivity%3A6812078811874775041
2021-06-20 04:51:32,LIKE,https://www.linkedin.com/feed/update/urn%3Ali%3Aactivity%3A6811690947877969920
2021-06-20 04:43:00,LIKE,https://www.linkedin.com/feed/update/urn%3Ali%3Aactivity%3A6805731429226450944
2021-06-20 04:42:39,LIKE,https://www.linkedin.com/feed/update/urn%3Ali%3Aactivity%3A6812097715971870720
2021-06-20 04:42:10,LIKE,https://www.linkedin.com/feed/update/urn%3Ali%3Aactivity%3A6811972045295955968
2021-06-18 16:27:24,LIKE,https://www.linkedin.com/feed/update/urn%3Ali%3Aactivity%3A6811569589433057280
2021-06-18 16:25:05,LIKE,https://www.linkedin.com/feed/update/urn%3Ali%3Aactivity%3A6810596779768201216
2021-06-18 16:21:52,LIKE,https://www.linkedin.com/feed/update/urn%3Ali%3Aactivity%3A6810898270521556993
2021-06-18 16:10:30,LIKE,https://www.linkedin.com/feed/update/urn%3Ali%3Aactivity%3A6811512987858300928?commentUrn=urn%3Ali%3Acomment%3A%28activity%3A6811512987858300928%2C6811533984988700672%29
2021-06-18 16:10:18,LIKE,https://www.linkedin.com/feed/update/urn%3Ali%3Aactivity%3A6811512987858300928
2021-06-18 15:54:30,LIKE,https://www.linkedin.com/feed/update/urn%3Ali%3Aactivity%3A6811672435453120512
2021-06-18 15:51:48,LIKE,https://www.linkedin.com/feed/update/urn%3Ali%3Aactivity%3A6811441318645125120
2021-06-18 15:45:36,LIKE,https://www.linkedin.com/feed/update/urn%3Ali%3Aactivity%3A6811542456321085440
2021-06-18 05:58:40,APPRECIATION,https://www.linkedin.com/feed/update/urn%3Ali%3Aactivity%3A6811529499918778368
2021-06-18 02:30:25,LIKE,https://www.linkedin.com/feed/update/urn%3Ali%3Aactivity%3A6807511872108036096
2021-06-18 02:27:51,LIKE,https://www.linkedin.com/feed/update/urn%3Ali%3Aactivity%3A6811253427734237184
2021-06-18 02:26:02,LIKE,https://www.linkedin.com/feed/update/urn%3Ali%3Aactivity%3A6811183998136578048
2021-06-18 02:12:01,LIKE,https://www.linkedin.com/feed/update/urn%3Ali%3Aactivity%3A6811181086391971840
2021-06-18 02:05:41,LIKE,https://www.linkedin.com/feed/update/urn%3Ali%3Aactivity%3A6811119263487791104
2021-06-18 02:05:26,LIKE,https://www.linkedin.com/feed/update/urn%3Ali%3Aactivity%3A6811172847738875904
2021-06-18 02:04:46,LIKE,https://www.linkedin.com/feed/update/urn%3Ali%3AugcPost%3A6811238444359024640
2021-06-18 01:58:23,LIKE,https://www.linkedin.com/feed/update/urn%3Ali%3Aactivity%3A6807896310465859584
2021-06-18 01:56:13,LIKE,https://www.linkedin.com/feed/update/urn%3Ali%3Aactivity%3A6811169158659756032?commentUrn=urn%3Ali%3Acomment%3A%28activity%3A6811169158659756032%2C6811252185364537344%29
2021-06-18 01:55:45,PRAISE,https://www.linkedin.com/feed/update/urn%3Ali%3Aactivity%3A6811169158659756032
2021-06-18 01:45:15,LIKE,https://www.linkedin.com/feed/update/urn%3Ali%3AugcPost%3A6811339347774767104
2021-06-17 17:14:12,LIKE,https://www.linkedin.com/feed/update/urn%3Ali%3Aactivity%3A6811119483302793216
2021-06-17 08:41:06,APPRECIATION,https://www.linkedin.com/feed/update/urn%3Ali%3Aactivity%3A6811105049893326848
2021-06-17 02:41:28,LIKE,https://www.linkedin.com/feed/update/urn%3Ali%3Aactivity%3A6810820943498346497
2021-06-17 02:36:16,LIKE,https://www.linkedin.com/feed/update/urn%3Ali%3Aactivity%3A6807715914717401088
2021-06-17 02:35:37,LIKE,https://www.linkedin.com/feed/update/urn%3Ali%3Aactivity%3A6810656762346123264
2021-06-17 02:25:24,LIKE,https://www.linkedin.com/feed/update/urn%3Ali%3Aactivity%3A6810855404231372800
2021-06-17 02:19:45,LIKE,https://www.linkedin.com/feed/update/urn%3Ali%3Aactivity%3A6810733883143794688
2021-06-17 02:18:00,LIKE,https://www.linkedin.com/feed/update/urn%3Ali%3AugcPost%3A6810524468574863360
2021-06-17 02:16:26,LIKE,https://www.linkedin.com/feed/update/urn%3Ali%3Aactivity%3A6810273895824941056
2021-06-17 02:11:31,LIKE,https://www.linkedin.com/feed/update/urn%3Ali%3AugcPost%3A6809703728346603520
2021-06-17 02:08:39,LIKE,https://www.linkedin.com/feed/update/urn%3Ali%3Aactivity%3A6809324548677267456
2021-06-17 02:05:40,LIKE,https://www.linkedin.com/feed/update/urn%3Ali%3Aactivity%3A6810800860684132353
2021-06-17 02:05:00,APPRECIATION,https://www.linkedin.com/feed/update/urn%3Ali%3Aactivity%3A6810750317169258496
2021-06-15 12:27:51,PRAISE,https://www.linkedin.com/feed/update/urn%3Ali%3Aactivity%3A6808268679004897280
2021-06-15 12:19:38,APPRECIATION,https://www.linkedin.com/feed/update/urn%3Ali%3Aactivity%3A6808426096321794048
2021-06-15 12:14:43,LIKE,https://www.linkedin.com/feed/update/urn%3Ali%3Aactivity%3A6810451737963454464
2021-06-15 12:04:07,LIKE,https://www.linkedin.com/feed/update/urn%3Ali%3Aactivity%3A6810271376914690048
2021-06-15 11:54:31,LIKE,https://www.linkedin.com/feed/update/urn%3Ali%3Aactivity%3A6810211540717977600
2021-06-15 11:48:21,LIKE,https://www.linkedin.com/feed/update/urn%3Ali%3Aactivity%3A6810516336557486080
2021-06-15 11:47:05,APPRECIATION,https://www.linkedin.com/feed/update/urn%3Ali%3Aactivity%3A6800658197439909888
2021-06-15 11:35:18,LIKE,https://www.linkedin.com/feed/update/urn%3Ali%3Aactivity%3A6810210916186120192
2021-06-15 11:33:45,LIKE,https://www.linkedin.com/feed/update/urn%3Ali%3Aactivity%3A6810079795578208256
2021-06-15 11:32:56,LIKE,https://www.linkedin.com/feed/update/urn%3Ali%3Aactivity%3A6810415618542596096
2021-06-15 11:32:29,LIKE,https://www.linkedin.com/feed/update/urn%3Ali%3Aactivity%3A6809047162329079808
2021-06-15 11:28:40,LIKE,https://www.linkedin.com/feed/update/urn%3Ali%3Aactivity%3A6810126912812265472
2021-06-13 11:46:01,LIKE,https://www.linkedin.com/feed/update/urn%3Ali%3Aactivity%3A6809374519417991168
2021-06-13 11:43:41,LIKE,https://www.linkedin.com/feed/update/urn%3Ali%3Aactivity%3A6809740636623802368
2021-06-13 11:41:41,LIKE,https://www.linkedin.com/feed/update/urn%3Ali%3Aactivity%3A6806927037866102784
2021-06-13 11:40:23,LIKE,https://www.linkedin.com/feed/update/urn%3Ali%3Aactivity%3A6809306234290745344
2021-06-13 11:40:13,LIKE,https://www.linkedin.com/feed/update/urn%3Ali%3Aactivity%3A6809683090072567809
2021-06-13 11:35:12,LIKE,https://www.linkedin.com/feed/update/urn%3Ali%3Aactivity%3A6809110354191380480?commentUrn=urn%3Ali%3Acomment%3A%28activity%3A6809110354191380480%2C6809116273167876096%29
2021-06-13 11:34:59,LIKE,https://www.linkedin.com/feed/update/urn%3Ali%3Aactivity%3A6809110354191380480?commentUrn=urn%3Ali%3Acomment%3A%28activity%3A6809110354191380480%2C6809354963131604992%29
2021-06-13 11:25:42,LIKE,https://www.linkedin.com/feed/update/urn%3Ali%3Aactivity%3A6809688266007216128
2021-06-13 11:21:45,LIKE,https://www.linkedin.com/feed/update/urn%3Ali%3Aactivity%3A6809758463091101696
2021-06-10 15:22:03,LIKE,https://www.linkedin.com/feed/update/urn%3Ali%3Aactivity%3A6808307382641319936
2021-06-10 15:21:49,LIKE,https://www.linkedin.com/feed/update/urn%3Ali%3Aactivity%3A6806950462269595648
2021-06-10 15:19:22,LIKE,https://www.linkedin.com/feed/update/urn%3Ali%3Aactivity%3A6807351910274740224
2021-06-10 15:12:52,LIKE,https://www.linkedin.com/feed/update/urn%3Ali%3Aactivity%3A6806950703257538560
2021-06-10 15:10:40,EMPATHY,https://www.linkedin.com/feed/update/urn%3Ali%3Aactivity%3A6806172419636760577
2021-06-10 14:10:03,LIKE,https://www.linkedin.com/feed/update/urn%3Ali%3Aactivity%3A6807659183597506560
2021-06-10 14:09:27,LIKE,https://www.linkedin.com/feed/update/urn%3Ali%3Aactivity%3A6808611974348378112
2021-06-10 14:02:08,LIKE,https://www.linkedin.com/feed/update/urn%3Ali%3Aactivity%3A6808596159981084672
2021-06-10 14:01:48,LIKE,https://www.linkedin.com/feed/update/urn%3Ali%3Aactivity%3A6806486353791066112
2021-06-10 14:01:18,LIKE,https://www.linkedin.com/feed/update/urn%3Ali%3Aactivity%3A6807648948145192961
2021-06-10 13:55:37,LIKE,https://www.linkedin.com/feed/update/urn%3Ali%3Aactivity%3A6808724665587027968
2021-06-10 13:54:31,INTEREST,https://www.linkedin.com/feed/update/urn%3Ali%3Aactivity%3A6808389725284634624
2021-06-10 13:52:01,APPRECIATION,https://www.linkedin.com/feed/update/urn%3Ali%3Aactivity%3A6808724679176654848
2021-06-10 13:50:23,LIKE,https://www.linkedin.com/feed/update/urn%3Ali%3Aactivity%3A6808363254503612416?commentUrn=urn%3Ali%3Acomment%3A%28activity%3A6808363254503612416%2C6808387234329456640%29
2021-06-10 13:50:14,LIKE,https://www.linkedin.com/feed/update/urn%3Ali%3Aactivity%3A6808363254503612416
2021-06-10 13:49:37,LIKE,https://www.linkedin.com/feed/update/urn%3Ali%3Aactivity%3A6807332293611544576
2021-06-10 13:48:26,LIKE,https://www.linkedin.com/feed/update/urn%3Ali%3Aactivity%3A6808498496279343105
2021-06-10 13:44:01,INTEREST,https://www.linkedin.com/feed/update/urn%3Ali%3Aactivity%3A6808672848945774592
2021-06-10 13:17:33,LIKE,https://www.linkedin.com/feed/update/urn%3Ali%3Aactivity%3A6808628332784046080
2021-06-10 13:17:09,LIKE,https://www.linkedin.com/feed/update/urn%3Ali%3Aactivity%3A6808714210780962816
2021-06-10 13:16:45,LIKE,https://www.linkedin.com/feed/update/urn%3Ali%3Aactivity%3A6808650575954116608
2021-06-10 13:13:12,LIKE,https://www.linkedin.com/feed/update/urn%3Ali%3Aactivity%3A6808731652966150144
2021-06-09 13:22:41,LIKE,https://www.linkedin.com/feed/update/urn%3Ali%3Aactivity%3A6805882152396312576?commentUrn=urn%3Ali%3Acomment%3A%28activity%3A6805882152396312576%2C6807984907164508162%29
2021-06-09 13:20:45,LIKE,https://www.linkedin.com/feed/update/urn%3Ali%3Aactivity%3A6807906885379985408
2021-06-09 13:19:25,LIKE,https://www.linkedin.com/feed/update/urn%3Ali%3Aactivity%3A6808312035055681536
2021-06-09 13:09:01,APPRECIATION,https://www.linkedin.com/feed/update/urn%3Ali%3Aactivity%3A6808209107280125952
2021-06-09 13:02:55,LIKE,https://www.linkedin.com/feed/update/urn%3Ali%3AugcPost%3A6807917543160999936
2021-06-09 12:56:35,LIKE,https://www.linkedin.com/feed/update/urn%3Ali%3Aactivity%3A6808251417514659841
2021-06-09 12:55:21,LIKE,https://www.linkedin.com/feed/update/urn%3Ali%3Aactivity%3A6807925535553929216
2021-06-09 11:30:44,LIKE,https://www.linkedin.com/feed/update/urn%3Ali%3Aactivity%3A6805821716686884864
2021-06-09 11:21:23,LIKE,https://www.linkedin.com/feed/update/urn%3Ali%3Aactivity%3A6805519697480609792
2021-06-07 04:19:34,LIKE,https://www.linkedin.com/feed/update/urn%3Ali%3Aactivity%3A6805776472587026432
2021-06-07 03:01:12,LIKE,https://www.linkedin.com/feed/update/urn%3Ali%3Aactivity%3A6806810561519714304
2021-06-07 02:53:33,EMPATHY,https://www.linkedin.com/feed/update/urn%3Ali%3AugcPost%3A6806813199946543104
2021-06-07 02:44:17,APPRECIATION,https://www.linkedin.com/feed/update/urn%3Ali%3Aactivity%3A6805827047085240321
2021-06-07 02:39:39,LIKE,https://www.linkedin.com/feed/update/urn%3Ali%3AugcPost%3A6806542445661298688
2021-06-07 02:35:20,LIKE,https://www.linkedin.com/feed/update/urn%3Ali%3Aactivity%3A6807246855362244608
2021-06-07 02:31:46,LIKE,https://www.linkedin.com/feed/update/urn%3Ali%3AugcPost%3A6807346846973919232
2021-06-07 02:29:48,APPRECIATION,https://www.linkedin.com/feed/update/urn%3Ali%3Aactivity%3A6807285396389597184
2021-06-06 04:04:42,LIKE,https://www.linkedin.com/feed/update/urn%3Ali%3AugcPost%3A6806745541645496320
2021-06-06 04:04:09,LIKE,https://www.linkedin.com/feed/update/urn%3Ali%3Aactivity%3A6806897102057156608
2021-06-06 03:21:07,LIKE,https://www.linkedin.com/feed/update/urn%3Ali%3Aactivity%3A6804127047246458880
2021-06-06 03:19:24,LIKE,https://www.linkedin.com/feed/update/urn%3Ali%3Aactivity%3A6806917160691224576
2021-06-06 03:15:55,EMPATHY,https://www.linkedin.com/feed/update/urn%3Ali%3Aactivity%3A6806858683608391680
2021-06-06 03:14:58,LIKE,https://www.linkedin.com/feed/update/urn%3Ali%3Aactivity%3A6806649704038969344
2021-06-06 03:13:44,APPRECIATION,https://www.linkedin.com/feed/update/urn%3Ali%3Aactivity%3A6802200369939197952?commentUrn=urn%3Ali%3Acomment%3A%28activity%3A6802200369939197952%2C6802279742247624704%29
2021-06-06 03:13:24,APPRECIATION,https://www.linkedin.com/feed/update/urn%3Ali%3Aactivity%3A6802200369939197952
2021-06-06 02:24:30,LIKE,https://www.linkedin.com/feed/update/urn%3Ali%3AugcPost%3A6806933127727071232
2021-06-06 02:14:17,LIKE,https://www.linkedin.com/feed/update/urn%3Ali%3Aactivity%3A6806922994963877888
2021-06-06 02:06:01,EMPATHY,https://www.linkedin.com/feed/update/urn%3Ali%3Aactivity%3A6806805228923580416
2021-06-06 02:05:13,LIKE,https://www.linkedin.com/feed/update/urn%3Ali%3Aactivity%3A6806772977200451584
2021-06-06 02:01:23,LIKE,https://www.linkedin.com/feed/update/urn%3Ali%3Aactivity%3A6806950588098646016
2021-06-06 02:00:58,EMPATHY,https://www.linkedin.com/feed/update/urn%3Ali%3Aactivity%3A6806583912622624768
2021-06-06 01:56:52,LIKE,https://www.linkedin.com/feed/update/urn%3Ali%3Aactivity%3A6806965508731228160
2021-06-05 06:46:40,LIKE,https://www.linkedin.com/feed/update/urn%3Ali%3Aactivity%3A6806814522880466944
2021-06-04 07:28:19,PRAISE,https://www.linkedin.com/feed/update/urn%3Ali%3Aactivity%3A6806477712157421569
2021-06-04 04:10:22,LIKE,https://www.linkedin.com/feed/update/urn%3Ali%3Aactivity%3A6806099692783566848
2021-06-04 04:06:47,LIKE,https://www.linkedin.com/feed/update/urn%3Ali%3Aactivity%3A6805933070886207488
2021-06-03 12:54:03,LIKE,https://www.linkedin.com/feed/update/urn%3Ali%3Aactivity%3A6806165260651778048
2021-06-03 12:52:12,LIKE,https://www.linkedin.com/feed/update/urn%3Ali%3Aactivity%3A6806091079839039488
2021-06-03 12:50:21,LIKE,https://www.linkedin.com/feed/update/urn%3Ali%3Aactivity%3A6805819876930936832
2021-06-03 11:14:41,LIKE,https://www.linkedin.com/feed/update/urn%3Ali%3Aactivity%3A6806104528186937344
2021-06-03 10:48:31,LIKE,https://www.linkedin.com/feed/update/urn%3Ali%3Aactivity%3A6806060772557496320
2021-06-03 10:47:55,APPRECIATION,https://www.linkedin.com/feed/update/urn%3Ali%3Aactivity%3A6805804932994887680
2021-06-03 10:45:22,LIKE,https://www.linkedin.com/feed/update/urn%3Ali%3Aactivity%3A6805931357303291904
2021-06-03 10:43:15,LIKE,https://www.linkedin.com/feed/update/urn%3Ali%3Aactivity%3A6805805107008155648
2021-06-03 10:32:57,LIKE,https://www.linkedin.com/feed/update/urn%3Ali%3Aactivity%3A6805469267421753344
2021-06-03 10:31:52,LIKE,https://www.linkedin.com/feed/update/urn%3Ali%3Aactivity%3A6806151687867396096
2021-06-03 10:31:48,LIKE,https://www.linkedin.com/feed/update/urn%3Ali%3Aactivity%3A6806153790622973952
2021-06-03 10:10:38,LIKE,https://www.linkedin.com/feed/update/urn%3Ali%3Aactivity%3A6806097860443066368
2021-06-03 10:10:28,LIKE,https://www.linkedin.com/feed/update/urn%3Ali%3Aactivity%3A6805912819842748416
2021-06-03 10:09:29,LIKE,https://www.linkedin.com/feed/update/urn%3Ali%3AugcPost%3A6806055096942637056
2021-06-03 05:54:28,INTEREST,https://www.linkedin.com/feed/update/urn%3Ali%3Aactivity%3A6806087407595782144
2021-06-03 04:48:18,LIKE,https://www.linkedin.com/feed/update/urn%3Ali%3Aactivity%3A6806074647512145920
2021-06-03 03:03:51,LIKE,https://www.linkedin.com/feed/update/urn%3Ali%3Aactivity%3A6805490906637115392
2021-06-03 03:00:09,LIKE,https://www.linkedin.com/feed/update/urn%3Ali%3Aactivity%3A6804710580843372544
2021-06-03 02:57:33,LIKE,https://www.linkedin.com/feed/update/urn%3Ali%3Aactivity%3A6805536086463537152
2021-06-03 02:55:28,LIKE,https://www.linkedin.com/feed/update/urn%3Ali%3Aactivity%3A6805881798724214784
2021-06-03 02:55:15,LIKE,https://www.linkedin.com/feed/update/urn%3Ali%3Aactivity%3A6805737335586738176
2021-06-03 02:54:30,LIKE,https://www.linkedin.com/feed/update/urn%3Ali%3AugcPost%3A6805468865573867520
2021-06-02 12:52:43,LIKE,https://www.linkedin.com/feed/update/urn%3Ali%3AugcPost%3A6805832556446146562
2021-06-02 11:25:38,LIKE,https://www.linkedin.com/feed/update/urn%3Ali%3AugcPost%3A6803778136707358721
2021-06-02 09:51:28,LIKE,https://www.linkedin.com/feed/update/urn%3Ali%3Aactivity%3A6805696136721125376
2021-06-02 09:50:29,LIKE,https://www.linkedin.com/feed/update/urn%3Ali%3Aactivity%3A6805389168089346048
2021-06-02 09:49:02,LIKE,https://www.linkedin.com/feed/update/urn%3Ali%3Aactivity%3A6805787590072004609
2021-06-02 09:35:24,INTEREST,https://www.linkedin.com/feed/update/urn%3Ali%3Aactivity%3A6804861020151046144
2021-06-01 17:09:07,LIKE,https://www.linkedin.com/feed/update/urn%3Ali%3Aactivity%3A6805100815540400128
2021-06-01 17:08:26,LIKE,https://www.linkedin.com/feed/update/urn%3Ali%3Aactivity%3A6805534607979761664
2021-06-01 17:08:18,LIKE,https://www.linkedin.com/feed/update/urn%3Ali%3Aactivity%3A6805443849079656448
2021-06-01 17:07:20,LIKE,https://www.linkedin.com/feed/update/urn%3Ali%3Aactivity%3A6805443554161307649
2021-06-01 15:42:31,LIKE,https://www.linkedin.com/feed/update/urn%3Ali%3Aactivity%3A6804349929390268416
2021-06-01 15:40:30,LIKE,https://www.linkedin.com/feed/update/urn%3Ali%3Aactivity%3A6804693539562381312
2021-06-01 15:39:42,LIKE,https://www.linkedin.com/feed/update/urn%3Ali%3Aactivity%3A6805174971665567745
2021-06-01 15:36:50,LIKE,https://www.linkedin.com/feed/update/urn%3Ali%3Aactivity%3A6802534994947514368
2021-06-01 15:34:42,LIKE,https://www.linkedin.com/feed/update/urn%3Ali%3AugcPost%3A6805446258661044224
2021-06-01 15:32:52,LIKE,https://www.linkedin.com/feed/update/urn%3Ali%3Aactivity%3A6805366664448765952
2021-06-01 08:56:11,LIKE,https://www.linkedin.com/feed/update/urn%3Ali%3Aactivity%3A6805166817095622656
2021-06-01 05:22:21,APPRECIATION,https://www.linkedin.com/feed/update/urn%3Ali%3Aactivity%3A6803161368167018496
2021-06-01 05:05:56,PRAISE,https://www.linkedin.com/feed/update/urn%3Ali%3AugcPost%3A6805355968088694784
2021-06-01 03:34:48,LIKE,https://www.linkedin.com/feed/update/urn%3Ali%3Aactivity%3A6805173718290063360
2021-05-31 16:01:25,LIKE,https://www.linkedin.com/feed/update/urn%3Ali%3AugcPost%3A6804941291403649024
2021-05-31 15:59:17,LIKE,https://www.linkedin.com/feed/update/urn%3Ali%3Aactivity%3A6805043084397813760
2021-05-31 11:22:50,LIKE,https://www.linkedin.com/feed/update/urn%3Ali%3Aactivity%3A6804864935223402496
2021-05-31 09:39:30,PRAISE,https://www.linkedin.com/feed/update/urn%3Ali%3Aactivity%3A6803194397988007936
2021-05-31 08:58:49,LIKE,https://www.linkedin.com/feed/update/urn%3Ali%3Aactivity%3A6801005154310115328
2021-05-31 08:57:59,LIKE,https://www.linkedin.com/feed/update/urn%3Ali%3Aactivity%3A6805006865085280256
2021-05-31 08:56:48,LIKE,https://www.linkedin.com/feed/update/urn%3Ali%3Aactivity%3A6804975063306129408
2021-05-31 08:54:08,LIKE,https://www.linkedin.com/feed/update/urn%3Ali%3Aactivity%3A6802820152414081024
2021-05-31 08:52:40,LIKE,https://www.linkedin.com/feed/update/urn%3Ali%3Aactivity%3A6805046061288235008
2021-05-31 05:57:09,INTEREST,https://www.linkedin.com/feed/update/urn%3Ali%3Aactivity%3A6804792799972720640
2021-05-31 03:41:05,EMPATHY,https://www.linkedin.com/feed/update/urn%3Ali%3Aactivity%3A6804749808067235841
2021-05-31 03:00:09,LIKE,https://www.linkedin.com/feed/update/urn%3Ali%3Aactivity%3A6804744741251633152
2021-05-31 02:55:48,APPRECIATION,https://www.linkedin.com/feed/update/urn%3Ali%3Aactivity%3A6804677973069975552
2021-05-31 02:47:18,LIKE,https://www.linkedin.com/feed/update/urn%3Ali%3Aactivity%3A6801108652699852800
2021-05-31 02:41:56,LIKE,https://www.linkedin.com/feed/update/urn%3Ali%3Aactivity%3A6801944637331374080
2021-05-31 02:39:57,LIKE,https://www.linkedin.com/feed/update/urn%3Ali%3Aactivity%3A6804774797755637760
2021-05-30 07:38:12,INTEREST,https://www.linkedin.com/feed/update/urn%3Ali%3Aactivity%3A6803514929103065088
2021-05-30 07:37:00,LIKE,https://www.linkedin.com/feed/update/urn%3Ali%3Aactivity%3A6804028501977632768
2021-05-30 07:30:28,LIKE,https://www.linkedin.com/feed/update/urn%3Ali%3Aactivity%3A6804245631989764096
2021-05-30 07:30:11,LIKE,https://www.linkedin.com/feed/update/urn%3Ali%3Aactivity%3A6800059852434534400
2021-05-30 04:23:11,LIKE,https://www.linkedin.com/feed/update/urn%3Ali%3Aactivity%3A6802541418419113984
2021-05-30 04:22:24,EMPATHY,https://www.linkedin.com/feed/update/urn%3Ali%3Aactivity%3A6804394358234783744
2021-05-30 02:56:33,LIKE,https://www.linkedin.com/feed/update/urn%3Ali%3Aactivity%3A6804470116139483136
2021-05-29 11:23:36,LIKE,https://www.linkedin.com/feed/update/urn%3Ali%3Aactivity%3A6804358911106289664
2021-05-29 03:09:19,LIKE,https://www.linkedin.com/feed/update/urn%3Ali%3Aactivity%3A6802871745364787200
2021-05-29 03:08:09,PRAISE,https://www.linkedin.com/feed/update/urn%3Ali%3Aactivity%3A6803155300397461504
2021-05-29 03:07:20,LIKE,https://www.linkedin.com/feed/update/urn%3Ali%3Aactivity%3A6794291804612235265
2021-05-29 03:07:03,LIKE,https://www.linkedin.com/feed/update/urn%3Ali%3Aactivity%3A6802885662472245249
2021-05-29 02:16:59,LIKE,https://www.linkedin.com/feed/update/urn%3Ali%3AugcPost%3A6804031946738475008
2021-05-29 02:12:20,MAYBE,https://www.linkedin.com/feed/update/urn%3Ali%3Aactivity%3A6799214049579065344
2021-05-29 02:06:21,LIKE,https://www.linkedin.com/feed/update/urn%3Ali%3Aactivity%3A6801469623884767232
2021-05-29 02:05:58,LIKE,https://www.linkedin.com/feed/update/urn%3Ali%3Aactivity%3A6803991808306114560
2021-05-28 13:51:34,LIKE,https://www.linkedin.com/feed/update/urn%3Ali%3AugcPost%3A6804007888168857600
2021-05-28 13:45:48,LIKE,https://www.linkedin.com/feed/update/urn%3Ali%3Aactivity%3A6803998450443804674
2021-05-28 12:10:06,LIKE,https://www.linkedin.com/feed/update/urn%3Ali%3Aactivity%3A6803939985348272128
2021-05-28 11:43:53,LIKE,https://www.linkedin.com/feed/update/urn%3Ali%3Aactivity%3A6800010864708739072
2021-05-28 11:40:54,LIKE,https://www.linkedin.com/feed/update/urn%3Ali%3Aactivity%3A6803913371772182528
2021-05-28 11:39:30,LIKE,https://www.linkedin.com/feed/update/urn%3Ali%3Aactivity%3A6801030530688274433
2021-05-28 11:35:19,LIKE,https://www.linkedin.com/feed/update/urn%3Ali%3Aactivity%3A6802915387483660288
2021-05-28 11:34:58,LIKE,https://www.linkedin.com/feed/update/urn%3Ali%3Aactivity%3A6803947594507669504
2021-05-28 09:54:20,LIKE,https://www.linkedin.com/feed/update/urn%3Ali%3Aactivity%3A6798909233069998080
2021-05-28 09:52:29,LIKE,https://www.linkedin.com/feed/update/urn%3Ali%3Aactivity%3A6800442380219752448
2021-05-28 09:52:01,LIKE,https://www.linkedin.com/feed/update/urn%3Ali%3Aactivity%3A6803941983401455616
2021-05-28 09:51:08,INTEREST,https://www.linkedin.com/feed/update/urn%3Ali%3Aactivity%3A6803935421878423552
2021-05-28 08:38:47,LIKE,https://www.linkedin.com/feed/update/urn%3Ali%3Aactivity%3A6803704561174482944
2021-05-28 08:38:08,LIKE,https://www.linkedin.com/feed/update/urn%3Ali%3Aactivity%3A6803939517385584641
2021-05-28 07:33:14,LIKE,https://www.linkedin.com/feed/update/urn%3Ali%3Aactivity%3A6802610698028498944
2021-05-28 07:31:55,LIKE,https://www.linkedin.com/feed/update/urn%3Ali%3Aactivity%3A6799326114125815808
2021-05-28 07:02:07,LIKE,https://www.linkedin.com/feed/update/urn%3Ali%3Aactivity%3A6803937213072715776
2021-05-28 06:11:41,LIKE,https://www.linkedin.com/feed/update/urn%3Ali%3Aactivity%3A6802924595054710785
2021-05-28 04:43:55,LIKE,https://www.linkedin.com/feed/update/urn%3Ali%3Aactivity%3A6803740754998042624
2021-05-28 01:56:12,LIKE,https://www.linkedin.com/feed/update/urn%3Ali%3Aactivity%3A6800037758040600576
2021-05-28 01:55:55,LIKE,https://www.linkedin.com/feed/update/urn%3Ali%3Aactivity%3A6803716291199942656
2021-05-28 01:54:38,LIKE,https://www.linkedin.com/feed/update/urn%3Ali%3Aactivity%3A6800698442243985408
2021-05-27 14:40:19,LIKE,https://www.linkedin.com/feed/update/urn%3Ali%3Aactivity%3A6803584396029906944
2021-05-27 14:38:09,LIKE,https://www.linkedin.com/feed/update/urn%3Ali%3Aactivity%3A6800392455326851073
2021-05-27 14:20:59,LIKE,https://www.linkedin.com/feed/update/urn%3Ali%3Aactivity%3A6803651672531968001
2021-05-27 14:18:23,LIKE,https://www.linkedin.com/feed/update/urn%3Ali%3AugcPost%3A6803609157208485888
2021-05-27 13:47:29,LIKE,https://www.linkedin.com/feed/update/urn%3Ali%3Aactivity%3A6800149284261130240
2021-05-27 13:46:14,LIKE,https://www.linkedin.com/feed/update/urn%3Ali%3AugcPost%3A6802889759040532480
2021-05-27 13:44:48,LIKE,https://www.linkedin.com/feed/update/urn%3Ali%3Aactivity%3A6799625594666647552
2021-05-27 13:43:39,LIKE,https://www.linkedin.com/feed/update/urn%3Ali%3Aactivity%3A6802469496209584128?commentUrn=urn%3Ali%3Acomment%3A%28activity%3A6802469496209584128%2C6803186523245281280%29
2021-05-27 13:42:39,LIKE,https://www.linkedin.com/feed/update/urn%3Ali%3Aactivity%3A6802469496209584128
2021-05-27 13:25:18,LIKE,https://www.linkedin.com/feed/update/urn%3Ali%3Aactivity%3A6802590156567154688
2021-05-27 13:23:49,LIKE,https://www.linkedin.com/feed/update/urn%3Ali%3Aactivity%3A6800379770803752960?commentUrn=urn%3Ali%3Acomment%3A%28activity%3A6800379770803752960%2C6803597448561389568%29
2021-05-27 13:22:19,LIKE,https://www.linkedin.com/feed/update/urn%3Ali%3Aactivity%3A6800379770803752960?commentUrn=urn%3Ali%3Acomment%3A%28activity%3A6800379770803752960%2C6801752305847873536%29
2021-05-27 13:21:58,LIKE,https://www.linkedin.com/feed/update/urn%3Ali%3Aactivity%3A6800379770803752960
2021-05-27 13:19:23,LIKE,https://www.linkedin.com/feed/update/urn%3Ali%3Aactivity%3A6799982118572318720
2021-05-27 13:17:58,LIKE,https://www.linkedin.com/feed/update/urn%3Ali%3Aactivity%3A6802108034861580288
2021-05-27 13:16:17,LIKE,https://www.linkedin.com/feed/update/urn%3Ali%3Aarticle%3A8192429907329843326
2021-05-27 13:13:32,LIKE,https://www.linkedin.com/feed/update/urn%3Ali%3Aactivity%3A6803164580387291136
2021-05-27 13:12:13,LIKE,https://www.linkedin.com/feed/update/urn%3Ali%3Aactivity%3A6803150223142088704
2021-05-27 13:08:46,LIKE,https://www.linkedin.com/feed/update/urn%3Ali%3Aactivity%3A6803542003192868864
2021-05-27 13:08:30,LIKE,https://www.linkedin.com/feed/update/urn%3Ali%3Aactivity%3A6803562273269981184?commentUrn=urn%3Ali%3Acomment%3A%28activity%3A6803562273269981184%2C6803636839208099840%29
2021-05-27 13:07:13,LIKE,https://www.linkedin.com/feed/update/urn%3Ali%3Aactivity%3A6803562273269981184
2021-05-27 13:06:04,LIKE,https://www.linkedin.com/feed/update/urn%3Ali%3Aactivity%3A6803561064459067392
2021-05-27 12:04:47,LIKE,https://www.linkedin.com/feed/update/urn%3Ali%3Aactivity%3A6802489173027758080
2021-05-27 09:33:57,LIKE,https://www.linkedin.com/feed/update/urn%3Ali%3Aactivity%3A6802154047769079808
2021-05-27 09:33:26,LIKE,https://www.linkedin.com/feed/update/urn%3Ali%3Aactivity%3A6803192997442936832
2021-05-27 09:31:35,LIKE,https://www.linkedin.com/feed/update/urn%3Ali%3Aactivity%3A6803364178284417024
2021-05-27 09:30:37,LIKE,https://www.linkedin.com/feed/update/urn%3Ali%3Aactivity%3A6803525177671086080?commentUrn=urn%3Ali%3Acomment%3A%28activity%3A6803525177671086080%2C6803547771786928128%29
2021-05-27 09:29:54,LIKE,https://www.linkedin.com/feed/update/urn%3Ali%3Aactivity%3A6803525177671086080
2021-05-27 05:30:03,LIKE,https://www.linkedin.com/feed/update/urn%3Ali%3Aactivity%3A6803508258557489152
2021-05-26 14:32:05,LIKE,https://www.linkedin.com/feed/update/urn%3Ali%3Aactivity%3A6799881419305955328
2021-05-26 14:30:54,LIKE,https://www.linkedin.com/feed/update/urn%3Ali%3Aactivity%3A6799846621090762752
2021-05-26 12:20:26,LIKE,https://www.linkedin.com/feed/update/urn%3Ali%3Aactivity%3A6802815724680290304
2021-05-26 09:50:57,LIKE,https://www.linkedin.com/feed/update/urn%3Ali%3Aactivity%3A6803160549501767680
2021-05-26 09:49:05,LIKE,https://www.linkedin.com/feed/update/urn%3Ali%3Aactivity%3A6802548901397303296
2021-05-25 17:03:02,LIKE,https://www.linkedin.com/feed/update/urn%3Ali%3Aactivity%3A6802800652536832000
2021-05-25 15:43:17,LIKE,https://www.linkedin.com/feed/update/urn%3Ali%3Aactivity%3A6800169204264837120
2021-05-25 15:37:47,LIKE,https://www.linkedin.com/feed/update/urn%3Ali%3Aactivity%3A6802775532191780864
2021-05-25 15:35:13,LIKE,https://www.linkedin.com/feed/update/urn%3Ali%3Aactivity%3A6800026400293175296
2021-05-25 15:35:04,LIKE,https://www.linkedin.com/feed/update/urn%3Ali%3Aactivity%3A6802613079281557504
2021-05-25 15:34:26,LIKE,https://www.linkedin.com/feed/update/urn%3Ali%3AugcPost%3A6802464531865047040
2021-05-25 15:32:34,LIKE,https://www.linkedin.com/feed/update/urn%3Ali%3Aactivity%3A6802790146371543040
2021-05-24 15:01:18,LIKE,https://www.linkedin.com/feed/update/urn%3Ali%3Aactivity%3A6802487979106557952
2021-05-24 02:40:21,LIKE,https://www.linkedin.com/feed/update/urn%3Ali%3Aactivity%3A6703282216732119040
2021-05-23 11:15:18,LIKE,https://www.linkedin.com/feed/update/urn%3Ali%3Aactivity%3A6802165338625605633
2021-05-23 06:09:30,LIKE,https://www.linkedin.com/feed/update/urn%3Ali%3Aactivity%3A6800465809073348608
2021-05-22 14:24:25,LIKE,https://www.linkedin.com/feed/update/urn%3Ali%3AugcPost%3A6801824667867906048
2021-05-22 14:13:51,LIKE,https://www.linkedin.com/feed/update/urn%3Ali%3Aactivity%3A6801501779411505152
2021-05-21 14:50:41,LIKE,https://www.linkedin.com/feed/update/urn%3Ali%3Aactivity%3A6796277954864402432
2021-05-21 14:48:59,LIKE,https://www.linkedin.com/feed/update/urn%3Ali%3Aactivity%3A6798944516138156032
2021-05-21 14:48:37,LIKE,https://www.linkedin.com/feed/update/urn%3Ali%3Aactivity%3A6799715958752735232
2021-05-21 14:27:50,LIKE,https://www.linkedin.com/feed/update/urn%3Ali%3Aactivity%3A6801197923997769728
2021-05-19 06:27:25,LIKE,https://www.linkedin.com/feed/update/urn%3Ali%3Aactivity%3A6800306925788647424
2021-05-18 02:26:34,LIKE,https://www.linkedin.com/feed/update/urn%3Ali%3Aactivity%3A6799982920485367808
2021-05-17 05:13:29,LIKE,https://www.linkedin.com/feed/update/urn%3Ali%3Aactivity%3A6799058761202851840
2021-05-17 04:49:53,LIKE,https://www.linkedin.com/feed/update/urn%3Ali%3Aactivity%3A6799552883672039424
2021-05-17 04:49:07,LIKE,https://www.linkedin.com/feed/update/urn%3Ali%3Aactivity%3A6799699797403017216
2021-05-15 05:00:01,LIKE,https://www.linkedin.com/feed/update/urn%3Ali%3AugcPost%3A6795560576878825472
2021-05-15 04:59:53,LIKE,https://www.linkedin.com/feed/update/urn%3Ali%3Aactivity%3A6796179559365640192
2021-05-15 04:55:30,LIKE,https://www.linkedin.com/feed/update/urn%3Ali%3Aactivity%3A6799012094529343488
2021-05-15 04:54:01,LIKE,https://www.linkedin.com/feed/update/urn%3Ali%3Aactivity%3A6798503117303398400
2021-05-15 04:53:21,LIKE,https://www.linkedin.com/feed/update/urn%3Ali%3Aactivity%3A6798947748591779840
2021-05-15 04:52:32,LIKE,https://www.linkedin.com/feed/update/urn%3Ali%3Aactivity%3A6798909410350526464
2021-05-14 14:47:40,LIKE,https://www.linkedin.com/feed/update/urn%3Ali%3Aactivity%3A6798917624962043904
2021-05-14 14:47:05,LIKE,https://www.linkedin.com/feed/update/urn%3Ali%3Aactivity%3A6798907053252337664
2021-05-14 12:23:05,LIKE,https://www.linkedin.com/feed/update/urn%3Ali%3Aactivity%3A6796077511307620353
2021-05-13 12:18:41,LIKE,https://www.linkedin.com/feed/update/urn%3Ali%3Aactivity%3A6798353475823566848
2021-05-12 09:46:46,LIKE,https://www.linkedin.com/feed/update/urn%3Ali%3Aactivity%3A6793853630232584192
2021-05-12 09:09:55,LIKE,https://www.linkedin.com/feed/update/urn%3Ali%3Aactivity%3A6795452956260098048
2021-05-11 13:27:22,LIKE,https://www.linkedin.com/feed/update/urn%3Ali%3Aactivity%3A6797742993261637632
2021-05-09 03:19:49,LIKE,https://www.linkedin.com/feed/update/urn%3Ali%3Aactivity%3A6795903228048494592?commentUrn=urn%3Ali%3Acomment%3A%28activity%3A6795903228048494592%2C6796623535801450496%29
2021-05-09 03:19:04,LIKE,https://www.linkedin.com/feed/update/urn%3Ali%3Aactivity%3A6795903228048494592?commentUrn=urn%3Ali%3Acomment%3A%28activity%3A6795903228048494592%2C6796874319789096960%29
2021-05-09 03:18:17,LIKE,https://www.linkedin.com/feed/update/urn%3Ali%3Aactivity%3A6795903228048494592
2021-05-06 17:19:57,LIKE,https://www.linkedin.com/feed/update/urn%3Ali%3Aactivity%3A6795783600999587840
2021-05-05 18:47:19,LIKE,https://www.linkedin.com/feed/update/urn%3Ali%3Aactivity%3A6781538161609760768
2021-05-05 18:47:17,LIKE,https://www.linkedin.com/feed/update/urn%3Ali%3Aactivity%3A6781538161609760768?commentUrn=urn%3Ali%3Acomment%3A%28activity%3A6781538161609760768%2C6783985862880350208%29
2021-05-05 18:36:16,LIKE,https://www.linkedin.com/feed/update/urn%3Ali%3Aactivity%3A6795668695151583232
2021-05-05 18:32:39,LIKE,https://www.linkedin.com/feed/update/urn%3Ali%3Aactivity%3A6778275747955060736
2021-05-05 04:35:36,LIKE,https://www.linkedin.com/feed/update/urn%3Ali%3Aactivity%3A6793491108077957120
2021-05-05 04:32:07,LIKE,https://www.linkedin.com/feed/update/urn%3Ali%3Aactivity%3A6795348962938277888
2021-05-04 18:31:50,LIKE,https://www.linkedin.com/feed/update/urn%3Ali%3Aactivity%3A6793518992289005568?commentUrn=urn%3Ali%3Acomment%3A%28activity%3A6793518992289005568%2C6794697032947838976%29
2021-05-04 18:27:34,LIKE,https://www.linkedin.com/feed/update/urn%3Ali%3Aactivity%3A6795346470343073792
2021-05-04 18:26:33,LIKE,https://www.linkedin.com/feed/update/urn%3Ali%3Aactivity%3A6794961811859927040
2021-05-04 18:24:49,LIKE,https://www.linkedin.com/feed/update/urn%3Ali%3Aactivity%3A6794932388712509440
2021-05-03 18:06:55,LIKE,https://www.linkedin.com/feed/update/urn%3Ali%3Aactivity%3A6794860414631981056
2021-05-03 04:28:54,LIKE,https://www.linkedin.com/feed/update/urn%3Ali%3Aactivity%3A6793856808168558592
2021-05-02 18:58:10,LIKE,https://www.linkedin.com/feed/update/urn%3Ali%3Aactivity%3A6790873270691467264
2021-05-02 18:57:06,LIKE,https://www.linkedin.com/feed/update/urn%3Ali%3Aactivity%3A6793084595320557568
2021-05-02 18:44:57,LIKE,https://www.linkedin.com/feed/update/urn%3Ali%3Aactivity%3A6794500711179665408
2021-05-01 13:11:10,LIKE,https://www.linkedin.com/feed/update/urn%3Ali%3Aactivity%3A6793486108391981056
2021-05-01 13:10:28,LIKE,https://www.linkedin.com/feed/update/urn%3Ali%3Aactivity%3A6793746055709229056
2021-05-01 13:09:10,LIKE,https://www.linkedin.com/feed/update/urn%3Ali%3Aactivity%3A6793716939819683840
2021-04-30 03:25:44,LIKE,https://www.linkedin.com/feed/update/urn%3Ali%3Aactivity%3A6792084463527436288
2021-04-30 03:01:25,LIKE,https://www.linkedin.com/feed/update/urn%3Ali%3Aactivity%3A6793518992289005568
2021-04-28 10:06:29,LIKE,https://www.linkedin.com/feed/update/urn%3Ali%3Aactivity%3A6792339236239527936
2021-04-28 04:47:17,LIKE,https://www.linkedin.com/feed/update/urn%3Ali%3Aactivity%3A6792651846122057728
2021-04-28 04:44:09,LIKE,https://www.linkedin.com/feed/update/urn%3Ali%3AugcPost%3A6792800015921254401
2021-04-28 03:10:05,LIKE,https://www.linkedin.com/feed/update/urn%3Ali%3Aactivity%3A6792672095294767104
2021-04-27 19:18:16,LIKE,https://www.linkedin.com/feed/update/urn%3Ali%3Aactivity%3A6791671447963230208
2021-04-27 19:16:40,LIKE,https://www.linkedin.com/feed/update/urn%3Ali%3Aactivity%3A6789257748778496000
2021-04-27 19:10:31,LIKE,https://www.linkedin.com/feed/update/urn%3Ali%3Aactivity%3A6792802613210492928
2021-04-27 19:06:03,LIKE,https://www.linkedin.com/feed/update/urn%3Ali%3AugcPost%3A6792842240856244224
2021-04-27 17:54:04,LIKE,https://www.linkedin.com/feed/update/urn%3Ali%3Aactivity%3A6792731684866449408
2021-04-27 04:39:12,LIKE,https://www.linkedin.com/feed/update/urn%3Ali%3Aactivity%3A6792514463653347328
2021-04-26 12:15:13,LIKE,https://www.linkedin.com/feed/update/urn%3Ali%3Aactivity%3A6792372727727714304
2021-04-26 06:45:35,LIKE,https://www.linkedin.com/feed/update/urn%3Ali%3Aactivity%3A6792286774581309440
2021-04-26 03:24:58,LIKE,https://www.linkedin.com/feed/update/urn%3Ali%3Aactivity%3A6792022270215774208
2021-04-25 16:34:51,LIKE,https://www.linkedin.com/feed/update/urn%3Ali%3Aactivity%3A6790482131811389440
2021-04-24 15:55:27,LIKE,https://www.linkedin.com/feed/update/urn%3Ali%3Aactivity%3A6790603923901177856
2021-04-24 15:55:19,LIKE,https://www.linkedin.com/feed/update/urn%3Ali%3AugcPost%3A6787331021630144512
2021-04-24 15:55:13,LIKE,https://www.linkedin.com/feed/update/urn%3Ali%3AugcPost%3A6790619163154022400
2021-04-24 15:55:10,LIKE,https://www.linkedin.com/feed/update/urn%3Ali%3Aactivity%3A6791662745453498368
2021-04-24 15:54:55,LIKE,https://www.linkedin.com/feed/update/urn%3Ali%3Aactivity%3A6791257803836141568
2021-04-24 15:54:51,LIKE,https://www.linkedin.com/feed/update/urn%3Ali%3Aactivity%3A6785940542523088896
2021-04-24 15:54:47,LIKE,https://www.linkedin.com/feed/update/urn%3Ali%3Aactivity%3A6786250525739429888
2021-04-24 15:54:20,LIKE,https://www.linkedin.com/feed/update/urn%3Ali%3Aactivity%3A6791261031223169024
2021-04-24 15:54:12,LIKE,https://www.linkedin.com/feed/update/urn%3Ali%3Aactivity%3A6790564435325972480
2021-04-24 15:54:06,LIKE,https://www.linkedin.com/feed/update/urn%3Ali%3AugcPost%3A6791664812553207809
2021-04-24 15:53:58,LIKE,https://www.linkedin.com/feed/update/urn%3Ali%3Aactivity%3A6791417010766000128
2021-04-24 15:53:54,LIKE,https://www.linkedin.com/feed/update/urn%3Ali%3Aactivity%3A6782261747425402880
2021-04-24 15:53:49,LIKE,https://www.linkedin.com/feed/update/urn%3Ali%3AugcPost%3A6790273538151456768
2021-04-24 15:53:38,LIKE,https://www.linkedin.com/feed/update/urn%3Ali%3Aactivity%3A6790305835219243008
2021-04-24 15:53:35,LIKE,https://www.linkedin.com/feed/update/urn%3Ali%3Aactivity%3A6791691096767520768
2021-04-24 15:53:30,LIKE,https://www.linkedin.com/feed/update/urn%3Ali%3AugcPost%3A6791340585417535488
2021-04-24 15:53:27,LIKE,https://www.linkedin.com/feed/update/urn%3Ali%3AugcPost%3A6789912197863673856
2021-04-24 15:53:23,LIKE,https://www.linkedin.com/feed/update/urn%3Ali%3AugcPost%3A6787731987235909632
2021-04-24 15:53:20,LIKE,https://www.linkedin.com/feed/update/urn%3Ali%3Aactivity%3A6791308647898116096
2021-04-24 15:53:16,LIKE,https://www.linkedin.com/feed/update/urn%3Ali%3Aactivity%3A6790632761570029568
2021-04-24 15:53:10,LIKE,https://www.linkedin.com/feed/update/urn%3Ali%3Aactivity%3A6791732512948330496
2021-04-24 15:53:02,LIKE,https://www.linkedin.com/feed/update/urn%3Ali%3Aactivity%3A6791276272791252993
2021-04-24 15:52:58,LIKE,https://www.linkedin.com/feed/update/urn%3Ali%3Aactivity%3A6785779784585617408
2021-04-24 15:52:56,LIKE,https://www.linkedin.com/feed/update/urn%3Ali%3Aactivity%3A6790245976872411137
2021-04-24 15:52:48,LIKE,https://www.linkedin.com/feed/update/urn%3Ali%3Aactivity%3A6790930859626250240
2021-04-24 15:52:34,LIKE,https://www.linkedin.com/feed/update/urn%3Ali%3Aactivity%3A6791229396905664512
2021-04-24 15:49:22,LIKE,https://www.linkedin.com/feed/update/urn%3Ali%3Aactivity%3A6791377369270693888
2021-04-24 09:57:01,LIKE,https://www.linkedin.com/feed/update/urn%3Ali%3Aactivity%3A6791340652618670080
2021-04-24 04:42:56,LIKE,https://www.linkedin.com/feed/update/urn%3Ali%3Aactivity%3A6791223065268244480
2021-04-24 04:41:17,LIKE,https://www.linkedin.com/feed/update/urn%3Ali%3Aactivity%3A6791264382459363328
2021-04-23 05:33:06,LIKE,https://www.linkedin.com/feed/update/urn%3Ali%3Aactivity%3A6790891716963577856?commentUrn=urn%3Ali%3Acomment%3A%28activity%3A6790891716963577856%2C6791040709630672896%29
2021-04-23 05:32:38,LIKE,https://www.linkedin.com/feed/update/urn%3Ali%3Aactivity%3A6790891716963577856
2021-04-23 05:09:45,LIKE,https://www.linkedin.com/feed/update/urn%3Ali%3Aactivity%3A6790985953411518464
2021-04-21 18:42:27,LIKE,https://www.linkedin.com/feed/update/urn%3Ali%3Aactivity%3A6790512582089416705
2021-04-21 18:41:01,LIKE,https://www.linkedin.com/feed/update/urn%3Ali%3Aactivity%3A6790569755767054336
2021-04-21 18:38:56,LIKE,https://www.linkedin.com/feed/update/urn%3Ali%3Aactivity%3A6790704320514936832
2021-04-20 04:53:06,LIKE,https://www.linkedin.com/feed/update/urn%3Ali%3Aactivity%3A6789772034441273344
2021-04-19 03:19:31,LIKE,https://www.linkedin.com/feed/update/urn%3Ali%3AugcPost%3A6787264130869932032
2021-04-19 03:14:26,LIKE,https://www.linkedin.com/feed/update/urn%3Ali%3Aactivity%3A6785139133003124738
2021-04-19 03:13:40,LIKE,https://www.linkedin.com/feed/update/urn%3Ali%3Aactivity%3A6788781909573947392
2021-04-19 03:12:04,LIKE,https://www.linkedin.com/feed/update/urn%3Ali%3Aactivity%3A6785758599751766016
2021-04-18 17:30:50,LIKE,https://www.linkedin.com/feed/update/urn%3Ali%3Aactivity%3A6787271114163912704
2021-04-18 11:23:45,LIKE,https://www.linkedin.com/feed/update/urn%3Ali%3Aactivity%3A6785092711511846912
2021-04-18 09:58:30,LIKE,https://www.linkedin.com/feed/update/urn%3Ali%3Aactivity%3A6785130425523298304
2021-04-16 04:39:15,LIKE,https://www.linkedin.com/feed/update/urn%3Ali%3Aactivity%3A6787843997030342656
2021-04-13 10:41:54,LIKE,https://www.linkedin.com/feed/update/urn%3Ali%3Aactivity%3A6767005563164360704
2021-04-13 09:39:43,LIKE,https://www.linkedin.com/feed/update/urn%3Ali%3Aactivity%3A6787254624828080128
2021-04-12 05:28:56,LIKE,https://www.linkedin.com/feed/update/urn%3Ali%3Aactivity%3A6786769280471056384
2021-04-12 05:03:18,LIKE,https://www.linkedin.com/feed/update/urn%3Ali%3AugcPost%3A6786989150907219968
